[{"model": "library_app.genre", "pk": 1, "fields": {"name": "Drama"}}, {"model": "library_app.genre", "pk": 2, "fields": {"name": "Thriller"}}, {"model": "library_app.genre", "pk": 3, "fields": {"name": "Adventure"}}, {"model": "library_app.genre", "pk": 4, "fields": {"name": "Horror"}}, {"model": "library_app.genre", "pk": 5, "fields": {"name": "Comedy"}}, {"model": "library_app.genre", "pk": 6, "fields": {"name": "Sci-Fi"}}, {"model": "library_app.genre", "pk": 7, "fields": {"name": "Love"}}, {"model": "library_app.genre", "pk": 8, "fields": {"name": "Children"}}, {"model": "library_app.genre", "pk": 9, "fields": {"name": "Mystery"}}, {"model": "library_app.genre", "pk": 10, "fields": {"name": "Action"}}, {"model": "library_app.genre", "pk": 11, "fields": {"name": "Fantasy"}}, {"model": "library_app.genre", "pk": 12, "fields": {"name": "Biography"}}, {"model": "library_app.genre", "pk": 13, "fields": {"name": "Humor"}}, {"model": "library_app.genre", "pk": 14, "fields": {"name": "Cookbook"}}, {"model": "library_app.genre", "pk": 15, "fields": {"name": "TravelLiterature"}}, {"model": "library_app.genre", "pk": 16, "fields": {"name": "crime"}}, {"model": "library_app.book", "pk": 1, "fields": {"title": "Utopia", "author": "Sir Thomas Moor", "publication_year": "2023-08-03", "copies_available": 37, "total_copies": 57, "genre": 9}}, {"model": "library_app.book", "pk": 2, "fields": {"title": "Crime and Punishment", "author": "Dostoevsky", "publication_year": "2022-08-04", "copies_available": 66, "total_copies": 90, "genre": 16}}, {"model": "library_app.book", "pk": 3, "fields": {"title": "Chitra", "author": "R.N.Tagore", "publication_year": "2021-08-03", "copies_available": 100, "total_copies": 700, "genre": 7}}, {"model": "library_app.book", "pk": 4, "fields": {"title": "Count of Monte Cristo", "author": "Alexander Dumas", "publication_year": "2023-05-02", "copies_available": 68, "total_copies": 150, "genre": 6}}, {"model": "library_app.book", "pk": 5, "fields": {"title": "Das Kapital", "author": "Karl Marx", "publication_year": "2024-02-06", "copies_available": 6, "total_copies": 81, "genre": 15}}, {"model": "library_app.user", "pk": 1, "fields": {"name": "Kristopher Hannabuss", "email": "khannabuss0@princeton.edu", "phone": "2447751361", "address": "79316 Larry Trail"}}, {"model": "library_app.user", "pk": 2, "fields": {"name": "Pierre Kernock", "email": "pkernock1@photobucket.com", "phone": "6353266513", "address": "52 Gale Parkway"}}, {"model": "library_app.user", "pk": 3, "fields": {"name": "Andee Challenor", "email": "achallenor2@wired.com", "phone": "6252834165", "address": "832 Schiller Center"}}, {"model": "library_app.user", "pk": 4, "fields": {"name": "Leupold Guite", "email": "lguite3@toplist.cz", "phone": "9772217909", "address": "7 Judy Plaza"}}, {"model": "library_app.user", "pk": 5, "fields": {"name": "Ariadne Glasspool", "email": "aglasspool4@i2i.jp", "phone": "4463993935", "address": "0307 Cambridge Plaza"}}, {"model": "library_app.user", "pk": 6, "fields": {"name": "Gray Asals", "email": "gasals5@vinaora.com", "phone": "5029986554", "address": "82 Anderson Point"}}, {"model": "library_app.user", "pk": 7, "fields": {"name": "Robinson Hurll", "email": "rhurll6@naver.com", "phone": "9403630189", "address": "58 Dixon Way"}}, {"model": "library_app.user", "pk": 8, "fields": {"name": "Hyacinthia Kestle", "email": "hkestle7@admin.ch", "phone": "7697044164", "address": "25 Ryan Way"}}, {"model": "library_app.user", "pk": 9, "fields": {"name": "Debora Janjusevic", "email": "djanjusevic8@twitter.com", "phone": "1507383604", "address": "652 Bobwhite Center"}}, {"model": "library_app.user", "pk": 10, "fields": {"name": "Kass Bleasdale", "email": "kbleasdale9@twitpic.com", "phone": "4598350279", "address": "765 Claremont Point"}}, {"model": "library_app.user", "pk": 11, "fields": {"name": "Karena Curton", "email": "kcurtona@pagesperso-orange.fr", "phone": "4522471404", "address": "95437 Logan Park"}}, {"model": "library_app.user", "pk": 12, "fields": {"name": "Rory Muglestone", "email": "rmuglestoneb@pcworld.com", "phone": "6513336027", "address": "894 Walton Junction"}}, {"model": "library_app.user", "pk": 13, "fields": {"name": "Viviene Pittle", "email": "vpittlec@qq.com", "phone": "2219121137", "address": "68 Spenser Plaza"}}, {"model": "library_app.user", "pk": 14, "fields": {"name": "Ralf Chatwin", "email": "rchatwind@google.co.jp", "phone": "3009637931", "address": "889 Reindahl Drive"}}, {"model": "library_app.user", "pk": 15, "fields": {"name": "Nicki Dalloway", "email": "ndallowaye@woothemes.com", "phone": "3285841826", "address": "2 Delladonna Lane"}}, {"model": "library_app.user", "pk": 16, "fields": {"name": "Dorolisa Swadling", "email": "dswadlingf@instagram.com", "phone": "8026766368", "address": "8007 Talisman Place"}}, {"model": "library_app.user", "pk": 17, "fields": {"name": "Vittoria Hincks", "email": "vhincksg@examiner.com", "phone": "5715530482", "address": "06 Utah Center"}}, {"model": "library_app.user", "pk": 18, "fields": {"name": "Reggie Astle", "email": "rastleh@fotki.com", "phone": "5672408921", "address": "85212 Beilfuss Street"}}, {"model": "library_app.user", "pk": 19, "fields": {"name": "Jordon Pringle", "email": "jpringlei@theatlantic.com", "phone": "6979389129", "address": "647 Fieldstone Drive"}}, {"model": "library_app.user", "pk": 20, "fields": {"name": "Lizzy Cabrales", "email": "lcabralesj@dropbox.com", "phone": "9316252720", "address": "34 Fieldstone Alley"}}, {"model": "library_app.transactions", "pk": 1, "fields": {"user": 2, "book": 1, "borrow_date": "2024-02-10", "due_date": "2023-10-04", "return_date": "2024-02-09", "status": "P", "is_returned": false, "genre": 9}}, {"model": "library_app.transactions", "pk": 2, "fields": {"user": 4, "book": 4, "borrow_date": "2024-02-10", "due_date": "2023-07-03", "return_date": "2024-02-07", "status": "D", "is_returned": true, "genre": 6}}]